InteractionType,Timestamp,UserID,CourseID,Value
enroll,2024-12-06 03:45:32,1,26,
rating,2024-12-06 03:45:32,1,26,2.0
view,2024-12-06 03:45:32,1,27,
rating,2024-12-06 03:45:32,1,27,4.0
complete,2024-12-06 03:45:32,1,23,
rating,2024-12-06 03:45:32,1,23,5.0
enroll,2024-12-06 03:45:32,1,5,
rating,2024-12-06 03:45:32,1,5,2.0
enroll,2024-12-06 03:45:32,2,3,
rating,2024-12-06 03:45:32,2,3,2.0
enroll,2024-12-06 03:45:32,2,22,
rating,2024-12-06 03:45:32,2,22,2.0
complete,2024-12-06 03:45:32,2,20,
rating,2024-12-06 03:45:32,2,20,5.0
complete,2024-12-06 03:45:32,2,25,
rating,2024-12-06 03:45:32,2,25,5.0
view,2024-12-06 03:45:32,2,27,
rating,2024-12-06 03:45:32,2,27,2.0
enroll,2024-12-06 03:45:32,3,3,
rating,2024-12-06 03:45:32,3,3,2.0
complete,2024-12-06 03:45:32,3,19,
rating,2024-12-06 03:45:32,3,19,3.0
complete,2024-12-06 03:45:32,3,23,
rating,2024-12-06 03:45:32,3,23,2.0
enroll,2024-12-06 03:45:32,3,29,
rating,2024-12-06 03:45:32,3,29,4.0
complete,2024-12-06 03:45:32,3,25,
rating,2024-12-06 03:45:32,3,25,3.0
complete,2024-12-06 03:45:32,4,14,
rating,2024-12-06 03:45:32,4,14,1.0
view,2024-12-06 03:45:32,4,22,
rating,2024-12-06 03:45:32,4,22,1.0
view,2024-12-06 03:45:32,5,15,
rating,2024-12-06 03:45:32,5,15,5.0
view,2024-12-06 03:45:32,5,25,
rating,2024-12-06 03:45:32,5,25,4.0
view,2024-12-06 03:45:32,5,26,
rating,2024-12-06 03:45:32,5,26,5.0
enroll,2024-12-06 03:45:32,6,2,
rating,2024-12-06 03:45:32,6,2,5.0
view,2024-12-06 03:45:32,6,26,
rating,2024-12-06 03:45:32,6,26,3.0
enroll,2024-12-06 03:45:32,6,6,
rating,2024-12-06 03:45:32,6,6,3.0
view,2024-12-06 03:45:32,6,15,
rating,2024-12-06 03:45:32,6,15,1.0
enroll,2024-12-06 03:45:32,7,14,
rating,2024-12-06 03:45:32,7,14,4.0
view,2024-12-06 03:45:32,7,1,
rating,2024-12-06 03:45:32,7,1,5.0
complete,2024-12-06 03:45:32,8,9,
rating,2024-12-06 03:45:32,8,9,3.0
view,2024-12-06 03:45:32,8,1,
rating,2024-12-06 03:45:32,8,1,4.0
enroll,2024-12-06 03:45:32,9,5,
rating,2024-12-06 03:45:32,9,5,1.0
complete,2024-12-06 03:45:32,9,22,
rating,2024-12-06 03:45:32,9,22,1.0
enroll,2024-12-06 03:45:32,9,1,
rating,2024-12-06 03:45:32,9,1,2.0
view,2024-12-06 03:45:32,9,16,
rating,2024-12-06 03:45:32,9,16,5.0
view,2024-12-06 03:45:32,9,7,
rating,2024-12-06 03:45:32,9,7,4.0
enroll,2024-12-06 03:45:32,10,26,
rating,2024-12-06 03:45:32,10,26,2.0
complete,2024-12-06 03:45:32,10,19,
rating,2024-12-06 03:45:32,10,19,1.0
view,2024-12-06 03:45:32,11,16,
rating,2024-12-06 03:45:32,11,16,5.0
enroll,2024-12-06 03:45:32,11,10,
rating,2024-12-06 03:45:32,11,10,4.0
view,2024-12-06 03:45:32,11,9,
rating,2024-12-06 03:45:32,11,9,1.0
view,2024-12-06 03:45:32,12,22,
rating,2024-12-06 03:45:32,12,22,1.0
view,2024-12-06 03:45:32,12,17,
rating,2024-12-06 03:45:32,12,17,5.0
complete,2024-12-06 03:45:32,12,2,
rating,2024-12-06 03:45:32,12,2,3.0
complete,2024-12-06 03:45:32,12,6,
rating,2024-12-06 03:45:32,12,6,5.0
complete,2024-12-06 03:45:32,13,19,
rating,2024-12-06 03:45:32,13,19,1.0
enroll,2024-12-06 03:45:32,13,4,
rating,2024-12-06 03:45:32,13,4,1.0
complete,2024-12-06 03:45:32,13,7,
rating,2024-12-06 03:45:32,13,7,3.0
complete,2024-12-06 03:45:32,13,9,
rating,2024-12-06 03:45:32,13,9,1.0
enroll,2024-12-06 03:45:32,14,20,
rating,2024-12-06 03:45:32,14,20,5.0
enroll,2024-12-06 03:45:32,14,25,
rating,2024-12-06 03:45:32,14,25,5.0
enroll,2024-12-06 03:45:32,15,23,
rating,2024-12-06 03:45:32,15,23,2.0
enroll,2024-12-06 03:45:32,15,3,
rating,2024-12-06 03:45:32,15,3,3.0
view,2024-12-06 03:45:32,15,9,
rating,2024-12-06 03:45:32,15,9,5.0
view,2024-12-06 03:45:32,15,12,
rating,2024-12-06 03:45:32,15,12,1.0
enroll,2024-12-06 03:45:32,15,20,
rating,2024-12-06 03:45:32,15,20,2.0
enroll,2024-12-06 03:45:32,16,22,
rating,2024-12-06 03:45:32,16,22,2.0
view,2024-12-06 03:45:32,16,16,
rating,2024-12-06 03:45:32,16,16,1.0
enroll,2024-12-06 03:45:32,16,19,
rating,2024-12-06 03:45:32,16,19,2.0
enroll,2024-12-06 03:45:32,16,6,
rating,2024-12-06 03:45:32,16,6,3.0
complete,2024-12-06 03:45:32,16,11,
rating,2024-12-06 03:45:32,16,11,3.0
enroll,2024-12-06 03:45:32,17,1,
rating,2024-12-06 03:45:32,17,1,4.0
enroll,2024-12-06 03:45:32,17,11,
rating,2024-12-06 03:45:32,17,11,1.0
view,2024-12-06 03:45:32,17,21,
rating,2024-12-06 03:45:32,17,21,4.0
view,2024-12-06 03:45:32,17,2,
rating,2024-12-06 03:45:32,17,2,1.0
view,2024-12-06 03:45:32,18,7,
rating,2024-12-06 03:45:32,18,7,5.0
enroll,2024-12-06 03:45:32,18,4,
rating,2024-12-06 03:45:32,18,4,2.0
complete,2024-12-06 03:45:32,18,18,
rating,2024-12-06 03:45:32,18,18,4.0
complete,2024-12-06 03:45:32,18,24,
rating,2024-12-06 03:45:32,18,24,5.0
enroll,2024-12-06 03:45:32,18,13,
rating,2024-12-06 03:45:32,18,13,5.0
enroll,2024-12-06 03:45:32,19,19,
rating,2024-12-06 03:45:32,19,19,4.0
complete,2024-12-06 03:45:32,19,10,
rating,2024-12-06 03:45:32,19,10,1.0
complete,2024-12-06 03:45:32,19,4,
rating,2024-12-06 03:45:32,19,4,5.0
view,2024-12-06 03:45:32,19,22,
rating,2024-12-06 03:45:32,19,22,1.0
enroll,2024-12-06 03:45:32,19,13,
rating,2024-12-06 03:45:32,19,13,4.0
enroll,2024-12-06 03:45:32,20,7,
rating,2024-12-06 03:45:32,20,7,1.0
complete,2024-12-06 03:45:32,20,9,
rating,2024-12-06 03:45:32,20,9,4.0
view,2024-12-06 03:45:32,20,5,
rating,2024-12-06 03:45:32,20,5,1.0
complete,2024-12-06 03:45:32,21,12,
rating,2024-12-06 03:45:32,21,12,2.0
complete,2024-12-06 03:45:32,21,6,
rating,2024-12-06 03:45:32,21,6,4.0
view,2024-12-06 03:45:32,22,11,
rating,2024-12-06 03:45:32,22,11,3.0
complete,2024-12-06 03:45:32,22,10,
rating,2024-12-06 03:45:32,22,10,3.0
complete,2024-12-06 03:45:32,23,2,
rating,2024-12-06 03:45:32,23,2,4.0
enroll,2024-12-06 03:45:32,23,14,
rating,2024-12-06 03:45:32,23,14,3.0
complete,2024-12-06 03:45:32,23,16,
rating,2024-12-06 03:45:32,23,16,5.0
complete,2024-12-06 03:45:32,23,29,
rating,2024-12-06 03:45:32,23,29,4.0
enroll,2024-12-06 03:45:32,24,2,
rating,2024-12-06 03:45:32,24,2,3.0
view,2024-12-06 03:45:32,24,7,
rating,2024-12-06 03:45:32,24,7,3.0
complete,2024-12-06 03:45:32,24,18,
rating,2024-12-06 03:45:32,24,18,1.0
view,2024-12-06 03:45:32,25,27,
rating,2024-12-06 03:45:32,25,27,5.0
complete,2024-12-06 03:45:32,25,13,
rating,2024-12-06 03:45:32,25,13,2.0
enroll,2024-12-06 03:45:32,25,6,
rating,2024-12-06 03:45:32,25,6,4.0
view,2024-12-06 03:45:32,25,15,
rating,2024-12-06 03:45:32,25,15,1.0
complete,2024-12-06 03:45:32,26,26,
rating,2024-12-06 03:45:32,26,26,3.0
enroll,2024-12-06 03:45:32,26,7,
rating,2024-12-06 03:45:32,26,7,2.0
view,2024-12-06 03:45:32,26,12,
rating,2024-12-06 03:45:32,26,12,1.0
enroll,2024-12-06 03:45:32,26,30,
rating,2024-12-06 03:45:32,26,30,3.0
complete,2024-12-06 03:45:32,26,2,
rating,2024-12-06 03:45:32,26,2,5.0
view,2024-12-06 03:45:32,27,11,
rating,2024-12-06 03:45:32,27,11,3.0
complete,2024-12-06 03:45:32,27,21,
rating,2024-12-06 03:45:32,27,21,1.0
view,2024-12-06 03:45:32,27,25,
rating,2024-12-06 03:45:32,27,25,1.0
complete,2024-12-06 03:45:32,27,22,
rating,2024-12-06 03:45:32,27,22,5.0
enroll,2024-12-06 03:45:32,28,17,
rating,2024-12-06 03:45:32,28,17,3.0
view,2024-12-06 03:45:32,28,8,
rating,2024-12-06 03:45:32,28,8,2.0
enroll,2024-12-06 03:45:32,29,20,
rating,2024-12-06 03:45:32,29,20,3.0
enroll,2024-12-06 03:45:32,29,12,
rating,2024-12-06 03:45:32,29,12,4.0
view,2024-12-06 03:45:32,29,16,
rating,2024-12-06 03:45:32,29,16,5.0
view,2024-12-06 03:45:32,30,22,
rating,2024-12-06 03:45:32,30,22,3.0
enroll,2024-12-06 03:45:32,30,14,
rating,2024-12-06 03:45:32,30,14,5.0
enroll,2024-12-06 03:45:32,30,12,
rating,2024-12-06 03:45:32,30,12,3.0
complete,2024-12-06 03:45:32,31,11,
rating,2024-12-06 03:45:32,31,11,3.0
complete,2024-12-06 03:45:32,31,21,
rating,2024-12-06 03:45:32,31,21,4.0
enroll,2024-12-06 03:45:32,32,23,
rating,2024-12-06 03:45:32,32,23,1.0
view,2024-12-06 03:45:32,32,11,
rating,2024-12-06 03:45:32,32,11,3.0
enroll,2024-12-06 03:45:32,33,3,
rating,2024-12-06 03:45:32,33,3,1.0
enroll,2024-12-06 03:45:32,33,11,
rating,2024-12-06 03:45:32,33,11,2.0
complete,2024-12-06 03:45:32,33,22,
rating,2024-12-06 03:45:32,33,22,1.0
complete,2024-12-06 03:45:32,33,10,
rating,2024-12-06 03:45:32,33,10,4.0
complete,2024-12-06 03:45:32,34,4,
rating,2024-12-06 03:45:32,34,4,4.0
view,2024-12-06 03:45:32,34,5,
rating,2024-12-06 03:45:32,34,5,5.0
complete,2024-12-06 03:45:32,35,23,
rating,2024-12-06 03:45:32,35,23,2.0
view,2024-12-06 03:45:32,35,30,
rating,2024-12-06 03:45:32,35,30,5.0
complete,2024-12-06 03:45:32,35,3,
rating,2024-12-06 03:45:32,35,3,2.0
view,2024-12-06 03:45:32,35,11,
rating,2024-12-06 03:45:32,35,11,1.0
complete,2024-12-06 03:45:32,35,19,
rating,2024-12-06 03:45:32,35,19,4.0
enroll,2024-12-06 03:45:32,36,26,
rating,2024-12-06 03:45:32,36,26,5.0
view,2024-12-06 03:45:32,36,27,
rating,2024-12-06 03:45:32,36,27,4.0
complete,2024-12-06 03:45:32,36,21,
rating,2024-12-06 03:45:32,36,21,1.0
complete,2024-12-06 03:45:32,36,24,
rating,2024-12-06 03:45:32,36,24,2.0
view,2024-12-06 03:45:32,36,29,
rating,2024-12-06 03:45:32,36,29,1.0
view,2024-12-06 03:45:32,37,18,
rating,2024-12-06 03:45:32,37,18,5.0
enroll,2024-12-06 03:45:32,37,2,
rating,2024-12-06 03:45:32,37,2,5.0
enroll,2024-12-06 03:45:32,37,4,
rating,2024-12-06 03:45:32,37,4,1.0
view,2024-12-06 03:45:32,38,20,
rating,2024-12-06 03:45:32,38,20,3.0
complete,2024-12-06 03:45:32,38,15,
rating,2024-12-06 03:45:32,38,15,4.0
complete,2024-12-06 03:45:32,38,28,
rating,2024-12-06 03:45:32,38,28,5.0
view,2024-12-06 03:45:32,39,26,
rating,2024-12-06 03:45:32,39,26,1.0
view,2024-12-06 03:45:32,39,15,
rating,2024-12-06 03:45:32,39,15,5.0
complete,2024-12-06 03:45:32,39,18,
rating,2024-12-06 03:45:32,39,18,5.0
view,2024-12-06 03:45:32,40,29,
rating,2024-12-06 03:45:32,40,29,5.0
enroll,2024-12-06 03:45:32,40,28,
rating,2024-12-06 03:45:32,40,28,3.0
enroll,2024-12-06 03:45:32,40,7,
rating,2024-12-06 03:45:32,40,7,2.0
view,2024-12-06 03:45:32,40,18,
rating,2024-12-06 03:45:32,40,18,4.0
view,2024-12-06 03:45:32,41,7,
rating,2024-12-06 03:45:32,41,7,1.0
enroll,2024-12-06 03:45:32,41,16,
rating,2024-12-06 03:45:32,41,16,4.0
complete,2024-12-06 03:45:32,42,2,
rating,2024-12-06 03:45:32,42,2,2.0
complete,2024-12-06 03:45:32,42,23,
rating,2024-12-06 03:45:32,42,23,1.0
enroll,2024-12-06 03:45:32,42,10,
rating,2024-12-06 03:45:32,42,10,4.0
complete,2024-12-06 03:45:32,42,28,
rating,2024-12-06 03:45:32,42,28,3.0
enroll,2024-12-06 03:45:32,43,4,
rating,2024-12-06 03:45:32,43,4,3.0
view,2024-12-06 03:45:32,43,30,
rating,2024-12-06 03:45:32,43,30,5.0
enroll,2024-12-06 03:45:32,43,14,
rating,2024-12-06 03:45:32,43,14,3.0
complete,2024-12-06 03:45:32,43,18,
rating,2024-12-06 03:45:32,43,18,1.0
view,2024-12-06 03:45:32,43,6,
rating,2024-12-06 03:45:32,43,6,3.0
enroll,2024-12-06 03:45:32,44,24,
rating,2024-12-06 03:45:32,44,24,5.0
enroll,2024-12-06 03:45:32,44,27,
rating,2024-12-06 03:45:32,44,27,3.0
enroll,2024-12-06 03:45:32,45,18,
rating,2024-12-06 03:45:32,45,18,1.0
enroll,2024-12-06 03:45:32,45,1,
rating,2024-12-06 03:45:32,45,1,1.0
enroll,2024-12-06 03:45:32,45,15,
rating,2024-12-06 03:45:32,45,15,3.0
enroll,2024-12-06 03:45:32,45,12,
rating,2024-12-06 03:45:32,45,12,1.0
view,2024-12-06 03:45:32,45,14,
rating,2024-12-06 03:45:32,45,14,3.0
complete,2024-12-06 03:45:32,46,18,
rating,2024-12-06 03:45:32,46,18,1.0
complete,2024-12-06 03:45:32,46,8,
rating,2024-12-06 03:45:32,46,8,1.0
complete,2024-12-06 03:45:32,46,29,
rating,2024-12-06 03:45:32,46,29,2.0
complete,2024-12-06 03:45:32,46,3,
rating,2024-12-06 03:45:32,46,3,4.0
enroll,2024-12-06 03:45:32,47,14,
rating,2024-12-06 03:45:32,47,14,1.0
complete,2024-12-06 03:45:32,47,23,
rating,2024-12-06 03:45:32,47,23,2.0
complete,2024-12-06 03:45:32,47,29,
rating,2024-12-06 03:45:32,47,29,2.0
view,2024-12-06 03:45:32,47,25,
rating,2024-12-06 03:45:32,47,25,4.0
complete,2024-12-06 03:45:32,47,16,
rating,2024-12-06 03:45:32,47,16,5.0
view,2024-12-06 03:45:32,48,23,
rating,2024-12-06 03:45:32,48,23,1.0
complete,2024-12-06 03:45:32,48,29,
rating,2024-12-06 03:45:32,48,29,5.0
complete,2024-12-06 03:45:32,49,9,
rating,2024-12-06 03:45:32,49,9,4.0
complete,2024-12-06 03:45:32,49,30,
rating,2024-12-06 03:45:32,49,30,3.0
enroll,2024-12-06 03:45:32,50,30,
rating,2024-12-06 03:45:32,50,30,2.0
enroll,2024-12-06 03:45:32,50,16,
rating,2024-12-06 03:45:32,50,16,5.0
enroll,2024-12-06 03:45:32,50,29,
rating,2024-12-06 03:45:32,50,29,4.0
complete,2024-12-06 03:45:32,51,16,
rating,2024-12-06 03:45:32,51,16,5.0
view,2024-12-06 03:45:32,51,27,
rating,2024-12-06 03:45:32,51,27,4.0
enroll,2024-12-06 03:45:32,51,25,
rating,2024-12-06 03:45:32,51,25,4.0
view,2024-12-06 03:45:32,51,2,
rating,2024-12-06 03:45:32,51,2,4.0
view,2024-12-06 03:45:32,51,4,
rating,2024-12-06 03:45:32,51,4,5.0
enroll,2024-12-06 03:45:32,52,23,
rating,2024-12-06 03:45:32,52,23,4.0
complete,2024-12-06 03:45:32,52,7,
rating,2024-12-06 03:45:32,52,7,5.0
enroll,2024-12-06 03:45:32,52,14,
rating,2024-12-06 03:45:32,52,14,5.0
view,2024-12-06 03:45:32,52,25,
rating,2024-12-06 03:45:32,52,25,3.0
enroll,2024-12-06 03:45:32,52,9,
rating,2024-12-06 03:45:32,52,9,3.0
complete,2024-12-06 03:45:32,53,17,
rating,2024-12-06 03:45:32,53,17,1.0
view,2024-12-06 03:45:32,53,15,
rating,2024-12-06 03:45:32,53,15,2.0
view,2024-12-06 03:45:32,53,18,
rating,2024-12-06 03:45:32,53,18,3.0
view,2024-12-06 03:45:32,53,10,
rating,2024-12-06 03:45:32,53,10,4.0
enroll,2024-12-06 03:45:32,54,12,
rating,2024-12-06 03:45:32,54,12,3.0
view,2024-12-06 03:45:32,54,20,
rating,2024-12-06 03:45:32,54,20,1.0
enroll,2024-12-06 03:45:32,54,17,
rating,2024-12-06 03:45:32,54,17,3.0
enroll,2024-12-06 03:45:32,54,30,
rating,2024-12-06 03:45:32,54,30,4.0
view,2024-12-06 03:45:32,55,22,
rating,2024-12-06 03:45:32,55,22,2.0
enroll,2024-12-06 03:45:32,55,18,
rating,2024-12-06 03:45:32,55,18,4.0
enroll,2024-12-06 03:45:32,55,26,
rating,2024-12-06 03:45:32,55,26,1.0
enroll,2024-12-06 03:45:32,56,26,
rating,2024-12-06 03:45:32,56,26,4.0
view,2024-12-06 03:45:32,56,23,
rating,2024-12-06 03:45:32,56,23,1.0
enroll,2024-12-06 03:45:32,56,4,
rating,2024-12-06 03:45:32,56,4,2.0
view,2024-12-06 03:45:32,56,20,
rating,2024-12-06 03:45:32,56,20,5.0
view,2024-12-06 03:45:32,57,5,
rating,2024-12-06 03:45:32,57,5,4.0
enroll,2024-12-06 03:45:32,57,22,
rating,2024-12-06 03:45:32,57,22,4.0
enroll,2024-12-06 03:45:32,58,28,
rating,2024-12-06 03:45:32,58,28,5.0
enroll,2024-12-06 03:45:32,58,3,
rating,2024-12-06 03:45:32,58,3,3.0
view,2024-12-06 03:45:32,58,19,
rating,2024-12-06 03:45:32,58,19,3.0
enroll,2024-12-06 03:45:32,59,3,
rating,2024-12-06 03:45:32,59,3,5.0
view,2024-12-06 03:45:32,59,6,
rating,2024-12-06 03:45:32,59,6,2.0
complete,2024-12-06 03:45:32,60,25,
rating,2024-12-06 03:45:32,60,25,1.0
enroll,2024-12-06 03:45:32,60,24,
rating,2024-12-06 03:45:32,60,24,4.0
enroll,2024-12-06 03:45:32,60,21,
rating,2024-12-06 03:45:32,60,21,3.0
complete,2024-12-06 03:45:32,60,7,
rating,2024-12-06 03:45:32,60,7,4.0
enroll,2024-12-06 03:45:32,60,12,
rating,2024-12-06 03:45:32,60,12,5.0
complete,2024-12-06 03:45:32,61,2,
rating,2024-12-06 03:45:32,61,2,1.0
view,2024-12-06 03:45:32,61,17,
rating,2024-12-06 03:45:32,61,17,3.0
enroll,2024-12-06 03:45:32,62,23,
rating,2024-12-06 03:45:32,62,23,3.0
complete,2024-12-06 03:45:32,62,5,
rating,2024-12-06 03:45:32,62,5,5.0
view,2024-12-06 03:45:32,62,8,
rating,2024-12-06 03:45:32,62,8,5.0
complete,2024-12-06 03:45:32,62,12,
rating,2024-12-06 03:45:32,62,12,4.0
enroll,2024-12-06 03:45:32,63,26,
rating,2024-12-06 03:45:32,63,26,4.0
enroll,2024-12-06 03:45:32,63,8,
rating,2024-12-06 03:45:32,63,8,4.0
view,2024-12-06 03:45:32,63,14,
rating,2024-12-06 03:45:32,63,14,4.0
view,2024-12-06 03:45:32,63,4,
rating,2024-12-06 03:45:32,63,4,4.0
view,2024-12-06 03:45:32,64,26,
rating,2024-12-06 03:45:32,64,26,1.0
enroll,2024-12-06 03:45:32,64,28,
rating,2024-12-06 03:45:32,64,28,2.0
complete,2024-12-06 03:45:32,65,28,
rating,2024-12-06 03:45:32,65,28,5.0
complete,2024-12-06 03:45:32,65,15,
rating,2024-12-06 03:45:32,65,15,5.0
view,2024-12-06 03:45:32,66,13,
rating,2024-12-06 03:45:32,66,13,3.0
complete,2024-12-06 03:45:32,66,6,
rating,2024-12-06 03:45:32,66,6,2.0
view,2024-12-06 03:45:32,66,14,
rating,2024-12-06 03:45:32,66,14,4.0
enroll,2024-12-06 03:45:32,66,17,
rating,2024-12-06 03:45:32,66,17,1.0
complete,2024-12-06 03:45:32,67,25,
rating,2024-12-06 03:45:32,67,25,3.0
complete,2024-12-06 03:45:32,67,23,
rating,2024-12-06 03:45:32,67,23,2.0
view,2024-12-06 03:45:32,67,24,
rating,2024-12-06 03:45:32,67,24,4.0
complete,2024-12-06 03:45:32,68,20,
rating,2024-12-06 03:45:32,68,20,2.0
enroll,2024-12-06 03:45:32,68,10,
rating,2024-12-06 03:45:32,68,10,1.0
complete,2024-12-06 03:45:32,69,25,
rating,2024-12-06 03:45:32,69,25,4.0
view,2024-12-06 03:45:32,69,14,
rating,2024-12-06 03:45:32,69,14,5.0
view,2024-12-06 03:45:32,69,11,
rating,2024-12-06 03:45:32,69,11,3.0
enroll,2024-12-06 03:45:32,69,5,
rating,2024-12-06 03:45:32,69,5,4.0
enroll,2024-12-06 03:45:32,69,21,
rating,2024-12-06 03:45:32,69,21,1.0
complete,2024-12-06 03:45:32,70,4,
rating,2024-12-06 03:45:32,70,4,3.0
view,2024-12-06 03:45:32,70,30,
rating,2024-12-06 03:45:32,70,30,3.0
complete,2024-12-06 03:45:32,70,2,
rating,2024-12-06 03:45:32,70,2,2.0
complete,2024-12-06 03:45:32,71,26,
rating,2024-12-06 03:45:32,71,26,5.0
view,2024-12-06 03:45:32,71,18,
rating,2024-12-06 03:45:32,71,18,1.0
enroll,2024-12-06 03:45:32,71,15,
rating,2024-12-06 03:45:32,71,15,3.0
enroll,2024-12-06 03:45:32,71,21,
rating,2024-12-06 03:45:32,71,21,5.0
enroll,2024-12-06 03:45:32,71,3,
rating,2024-12-06 03:45:32,71,3,1.0
view,2024-12-06 03:45:32,72,29,
rating,2024-12-06 03:45:32,72,29,3.0
enroll,2024-12-06 03:45:32,72,26,
rating,2024-12-06 03:45:32,72,26,2.0
complete,2024-12-06 03:45:32,72,27,
rating,2024-12-06 03:45:32,72,27,5.0
view,2024-12-06 03:45:32,72,13,
rating,2024-12-06 03:45:32,72,13,4.0
view,2024-12-06 03:45:32,73,20,
rating,2024-12-06 03:45:32,73,20,3.0
view,2024-12-06 03:45:32,73,29,
rating,2024-12-06 03:45:32,73,29,5.0
complete,2024-12-06 03:45:32,73,4,
rating,2024-12-06 03:45:32,73,4,4.0
enroll,2024-12-06 03:45:32,74,23,
rating,2024-12-06 03:45:32,74,23,2.0
complete,2024-12-06 03:45:32,74,14,
rating,2024-12-06 03:45:32,74,14,5.0
complete,2024-12-06 03:45:32,74,26,
rating,2024-12-06 03:45:32,74,26,2.0
view,2024-12-06 03:45:32,74,29,
rating,2024-12-06 03:45:32,74,29,5.0
enroll,2024-12-06 03:45:32,75,12,
rating,2024-12-06 03:45:32,75,12,3.0
complete,2024-12-06 03:45:32,75,29,
rating,2024-12-06 03:45:32,75,29,3.0
enroll,2024-12-06 03:45:32,75,22,
rating,2024-12-06 03:45:32,75,22,3.0
complete,2024-12-06 03:45:32,76,16,
rating,2024-12-06 03:45:32,76,16,4.0
complete,2024-12-06 03:45:32,76,30,
rating,2024-12-06 03:45:32,76,30,4.0
view,2024-12-06 03:45:32,76,13,
rating,2024-12-06 03:45:32,76,13,2.0
complete,2024-12-06 03:45:32,76,25,
rating,2024-12-06 03:45:32,76,25,2.0
enroll,2024-12-06 03:45:32,77,13,
rating,2024-12-06 03:45:32,77,13,5.0
view,2024-12-06 03:45:32,77,22,
rating,2024-12-06 03:45:32,77,22,1.0
enroll,2024-12-06 03:45:32,77,4,
rating,2024-12-06 03:45:32,77,4,1.0
complete,2024-12-06 03:45:32,77,30,
rating,2024-12-06 03:45:32,77,30,5.0
view,2024-12-06 03:45:32,78,13,
rating,2024-12-06 03:45:32,78,13,3.0
complete,2024-12-06 03:45:32,78,14,
rating,2024-12-06 03:45:32,78,14,2.0
complete,2024-12-06 03:45:32,79,7,
rating,2024-12-06 03:45:32,79,7,1.0
view,2024-12-06 03:45:32,79,24,
rating,2024-12-06 03:45:32,79,24,3.0
enroll,2024-12-06 03:45:32,80,2,
rating,2024-12-06 03:45:32,80,2,1.0
complete,2024-12-06 03:45:32,80,22,
rating,2024-12-06 03:45:32,80,22,4.0
enroll,2024-12-06 03:45:32,80,11,
rating,2024-12-06 03:45:32,80,11,3.0
enroll,2024-12-06 03:45:32,80,21,
rating,2024-12-06 03:45:32,80,21,2.0
view,2024-12-06 03:45:32,80,20,
rating,2024-12-06 03:45:32,80,20,1.0
complete,2024-12-06 03:45:32,81,20,
rating,2024-12-06 03:45:32,81,20,1.0
complete,2024-12-06 03:45:32,81,5,
rating,2024-12-06 03:45:32,81,5,2.0
view,2024-12-06 03:45:32,81,10,
rating,2024-12-06 03:45:32,81,10,3.0
view,2024-12-06 03:45:32,81,1,
rating,2024-12-06 03:45:32,81,1,4.0
enroll,2024-12-06 03:45:32,82,10,
rating,2024-12-06 03:45:32,82,10,4.0
view,2024-12-06 03:45:32,82,22,
rating,2024-12-06 03:45:32,82,22,4.0
view,2024-12-06 03:45:32,82,28,
rating,2024-12-06 03:45:32,82,28,1.0
complete,2024-12-06 03:45:32,82,16,
rating,2024-12-06 03:45:32,82,16,5.0
complete,2024-12-06 03:45:32,82,17,
rating,2024-12-06 03:45:32,82,17,1.0
enroll,2024-12-06 03:45:32,83,25,
rating,2024-12-06 03:45:32,83,25,5.0
complete,2024-12-06 03:45:32,83,17,
rating,2024-12-06 03:45:32,83,17,5.0
view,2024-12-06 03:45:32,83,14,
rating,2024-12-06 03:45:32,83,14,2.0
enroll,2024-12-06 03:45:32,84,24,
rating,2024-12-06 03:45:32,84,24,1.0
complete,2024-12-06 03:45:32,84,15,
rating,2024-12-06 03:45:32,84,15,3.0
view,2024-12-06 03:45:32,84,29,
rating,2024-12-06 03:45:32,84,29,3.0
complete,2024-12-06 03:45:32,84,18,
rating,2024-12-06 03:45:32,84,18,3.0
view,2024-12-06 03:45:32,84,7,
rating,2024-12-06 03:45:32,84,7,5.0
view,2024-12-06 03:45:32,85,27,
rating,2024-12-06 03:45:32,85,27,4.0
view,2024-12-06 03:45:32,85,6,
rating,2024-12-06 03:45:32,85,6,2.0
view,2024-12-06 03:45:32,85,7,
rating,2024-12-06 03:45:32,85,7,2.0
view,2024-12-06 03:45:32,85,20,
rating,2024-12-06 03:45:32,85,20,1.0
view,2024-12-06 03:45:32,86,13,
rating,2024-12-06 03:45:32,86,13,1.0
enroll,2024-12-06 03:45:32,86,28,
rating,2024-12-06 03:45:32,86,28,5.0
view,2024-12-06 03:45:32,86,2,
rating,2024-12-06 03:45:32,86,2,5.0
enroll,2024-12-06 03:45:32,86,26,
rating,2024-12-06 03:45:32,86,26,4.0
view,2024-12-06 03:45:32,86,29,
rating,2024-12-06 03:45:32,86,29,5.0
view,2024-12-06 03:45:32,87,28,
rating,2024-12-06 03:45:32,87,28,3.0
enroll,2024-12-06 03:45:32,87,2,
rating,2024-12-06 03:45:32,87,2,3.0
view,2024-12-06 03:45:32,88,12,
rating,2024-12-06 03:45:32,88,12,3.0
enroll,2024-12-06 03:45:32,88,16,
rating,2024-12-06 03:45:32,88,16,3.0
enroll,2024-12-06 03:45:32,88,5,
rating,2024-12-06 03:45:32,88,5,2.0
complete,2024-12-06 03:45:32,89,8,
rating,2024-12-06 03:45:32,89,8,3.0
complete,2024-12-06 03:45:32,89,17,
rating,2024-12-06 03:45:32,89,17,4.0
complete,2024-12-06 03:45:32,89,21,
rating,2024-12-06 03:45:32,89,21,5.0
complete,2024-12-06 03:45:32,90,14,
rating,2024-12-06 03:45:32,90,14,1.0
complete,2024-12-06 03:45:32,90,6,
rating,2024-12-06 03:45:32,90,6,1.0
view,2024-12-06 03:45:32,90,11,
rating,2024-12-06 03:45:32,90,11,1.0
enroll,2024-12-06 03:45:32,90,8,
rating,2024-12-06 03:45:32,90,8,1.0
view,2024-12-06 03:45:32,90,20,
rating,2024-12-06 03:45:32,90,20,1.0
view,2024-12-06 03:45:32,91,9,
rating,2024-12-06 03:45:32,91,9,1.0
view,2024-12-06 03:45:32,91,2,
rating,2024-12-06 03:45:32,91,2,1.0
complete,2024-12-06 03:45:32,91,26,
rating,2024-12-06 03:45:32,91,26,3.0
enroll,2024-12-06 03:45:32,92,3,
rating,2024-12-06 03:45:32,92,3,3.0
complete,2024-12-06 03:45:32,92,9,
rating,2024-12-06 03:45:32,92,9,1.0
view,2024-12-06 03:45:32,92,22,
rating,2024-12-06 03:45:32,92,22,1.0
enroll,2024-12-06 03:45:32,92,18,
rating,2024-12-06 03:45:32,92,18,1.0
complete,2024-12-06 03:45:32,92,5,
rating,2024-12-06 03:45:32,92,5,1.0
view,2024-12-06 03:45:32,93,26,
rating,2024-12-06 03:45:32,93,26,5.0
view,2024-12-06 03:45:32,93,24,
rating,2024-12-06 03:45:32,93,24,5.0
enroll,2024-12-06 03:45:32,93,22,
rating,2024-12-06 03:45:32,93,22,1.0
complete,2024-12-06 03:45:32,94,17,
rating,2024-12-06 03:45:32,94,17,2.0
complete,2024-12-06 03:45:32,94,13,
rating,2024-12-06 03:45:32,94,13,1.0
complete,2024-12-06 03:45:32,94,20,
rating,2024-12-06 03:45:32,94,20,1.0
view,2024-12-06 03:45:32,94,4,
rating,2024-12-06 03:45:32,94,4,2.0
view,2024-12-06 03:45:32,95,6,
rating,2024-12-06 03:45:32,95,6,1.0
enroll,2024-12-06 03:45:32,95,24,
rating,2024-12-06 03:45:32,95,24,3.0
complete,2024-12-06 03:45:32,96,19,
rating,2024-12-06 03:45:32,96,19,5.0
complete,2024-12-06 03:45:32,96,9,
rating,2024-12-06 03:45:32,96,9,4.0
complete,2024-12-06 03:45:32,96,29,
rating,2024-12-06 03:45:32,96,29,2.0
view,2024-12-06 03:45:32,96,28,
rating,2024-12-06 03:45:32,96,28,2.0
view,2024-12-06 03:45:32,96,21,
rating,2024-12-06 03:45:32,96,21,4.0
view,2024-12-06 03:45:32,97,27,
rating,2024-12-06 03:45:32,97,27,3.0
complete,2024-12-06 03:45:32,97,21,
rating,2024-12-06 03:45:32,97,21,4.0
view,2024-12-06 03:45:32,98,2,
rating,2024-12-06 03:45:32,98,2,3.0
enroll,2024-12-06 03:45:32,98,13,
rating,2024-12-06 03:45:32,98,13,5.0
enroll,2024-12-06 03:45:32,98,29,
rating,2024-12-06 03:45:32,98,29,3.0
enroll,2024-12-06 03:45:32,98,11,
rating,2024-12-06 03:45:32,98,11,2.0
complete,2024-12-06 03:45:32,99,20,
rating,2024-12-06 03:45:32,99,20,5.0
complete,2024-12-06 03:45:32,99,29,
rating,2024-12-06 03:45:32,99,29,4.0
complete,2024-12-06 03:45:32,99,7,
rating,2024-12-06 03:45:32,99,7,3.0
view,2024-12-06 03:45:32,99,2,
rating,2024-12-06 03:45:32,99,2,1.0
complete,2024-12-06 03:45:32,100,13,
rating,2024-12-06 03:45:32,100,13,5.0
enroll,2024-12-06 03:45:32,100,9,
rating,2024-12-06 03:45:32,100,9,4.0
complete,2024-12-06 03:45:32,101,16,
rating,2024-12-06 03:45:32,101,16,1.0
view,2024-12-06 03:45:32,101,8,
rating,2024-12-06 03:45:32,101,8,3.0
complete,2024-12-06 03:45:32,101,24,
rating,2024-12-06 03:45:32,101,24,1.0
complete,2024-12-06 03:45:32,101,20,
rating,2024-12-06 03:45:32,101,20,4.0
complete,2024-12-06 03:45:32,102,17,
rating,2024-12-06 03:45:32,102,17,5.0
view,2024-12-06 03:45:32,102,2,
rating,2024-12-06 03:45:32,102,2,4.0
complete,2024-12-06 03:45:32,103,22,
rating,2024-12-06 03:45:32,103,22,1.0
enroll,2024-12-06 03:45:32,103,26,
rating,2024-12-06 03:45:32,103,26,2.0
complete,2024-12-06 03:45:32,103,6,
rating,2024-12-06 03:45:32,103,6,1.0
enroll,2024-12-06 03:45:32,103,5,
rating,2024-12-06 03:45:32,103,5,1.0
enroll,2024-12-06 03:45:32,104,23,
rating,2024-12-06 03:45:32,104,23,3.0
enroll,2024-12-06 03:45:32,104,3,
rating,2024-12-06 03:45:32,104,3,4.0
enroll,2024-12-06 03:45:32,105,16,
rating,2024-12-06 03:45:32,105,16,4.0
complete,2024-12-06 03:45:32,105,15,
rating,2024-12-06 03:45:32,105,15,2.0
complete,2024-12-06 03:45:32,105,20,
rating,2024-12-06 03:45:32,105,20,3.0
enroll,2024-12-06 03:45:32,105,11,
rating,2024-12-06 03:45:32,105,11,1.0
enroll,2024-12-06 03:45:32,105,28,
rating,2024-12-06 03:45:32,105,28,1.0
complete,2024-12-06 03:45:32,106,15,
rating,2024-12-06 03:45:32,106,15,4.0
complete,2024-12-06 03:45:32,106,19,
rating,2024-12-06 03:45:32,106,19,2.0
complete,2024-12-06 03:45:32,106,22,
rating,2024-12-06 03:45:32,106,22,2.0
complete,2024-12-06 03:45:32,107,26,
rating,2024-12-06 03:45:32,107,26,2.0
view,2024-12-06 03:45:32,107,3,
rating,2024-12-06 03:45:32,107,3,5.0
complete,2024-12-06 03:45:32,107,8,
rating,2024-12-06 03:45:32,107,8,1.0
view,2024-12-06 03:45:32,107,20,
rating,2024-12-06 03:45:32,107,20,4.0
view,2024-12-06 03:45:32,108,24,
rating,2024-12-06 03:45:32,108,24,4.0
view,2024-12-06 03:45:32,108,3,
rating,2024-12-06 03:45:32,108,3,1.0
view,2024-12-06 03:45:32,109,2,
rating,2024-12-06 03:45:32,109,2,2.0
complete,2024-12-06 03:45:32,109,15,
rating,2024-12-06 03:45:32,109,15,2.0
complete,2024-12-06 03:45:32,109,30,
rating,2024-12-06 03:45:32,109,30,5.0
complete,2024-12-06 03:45:32,109,5,
rating,2024-12-06 03:45:32,109,5,4.0
view,2024-12-06 03:45:32,109,23,
rating,2024-12-06 03:45:32,109,23,1.0
view,2024-12-06 03:45:32,110,27,
rating,2024-12-06 03:45:32,110,27,3.0
complete,2024-12-06 03:45:32,110,1,
rating,2024-12-06 03:45:32,110,1,4.0
view,2024-12-06 03:45:32,110,9,
rating,2024-12-06 03:45:32,110,9,2.0
enroll,2024-12-06 03:45:32,111,15,
rating,2024-12-06 03:45:32,111,15,1.0
enroll,2024-12-06 03:45:32,111,13,
rating,2024-12-06 03:45:32,111,13,5.0
view,2024-12-06 03:45:32,111,7,
rating,2024-12-06 03:45:32,111,7,3.0
complete,2024-12-06 03:45:32,112,26,
rating,2024-12-06 03:45:32,112,26,2.0
complete,2024-12-06 03:45:32,112,24,
rating,2024-12-06 03:45:32,112,24,3.0
view,2024-12-06 03:45:32,112,19,
rating,2024-12-06 03:45:32,112,19,2.0
view,2024-12-06 03:45:32,112,11,
rating,2024-12-06 03:45:32,112,11,4.0
enroll,2024-12-06 03:45:32,113,4,
rating,2024-12-06 03:45:32,113,4,5.0
view,2024-12-06 03:45:32,113,13,
rating,2024-12-06 03:45:32,113,13,4.0
enroll,2024-12-06 03:45:32,113,7,
rating,2024-12-06 03:45:32,113,7,1.0
view,2024-12-06 03:45:32,114,4,
rating,2024-12-06 03:45:32,114,4,3.0
view,2024-12-06 03:45:32,114,16,
rating,2024-12-06 03:45:32,114,16,3.0
enroll,2024-12-06 03:45:32,114,15,
rating,2024-12-06 03:45:32,114,15,3.0
complete,2024-12-06 03:45:32,115,2,
rating,2024-12-06 03:45:32,115,2,5.0
complete,2024-12-06 03:45:32,115,13,
rating,2024-12-06 03:45:32,115,13,1.0
enroll,2024-12-06 03:45:32,115,19,
rating,2024-12-06 03:45:32,115,19,1.0
view,2024-12-06 03:45:32,115,3,
rating,2024-12-06 03:45:32,115,3,5.0
enroll,2024-12-06 03:45:32,116,29,
rating,2024-12-06 03:45:32,116,29,2.0
enroll,2024-12-06 03:45:32,116,28,
rating,2024-12-06 03:45:32,116,28,1.0
view,2024-12-06 03:45:32,116,8,
rating,2024-12-06 03:45:32,116,8,1.0
enroll,2024-12-06 03:45:32,117,1,
rating,2024-12-06 03:45:32,117,1,4.0
enroll,2024-12-06 03:45:32,117,29,
rating,2024-12-06 03:45:32,117,29,5.0
enroll,2024-12-06 03:45:32,118,19,
rating,2024-12-06 03:45:32,118,19,3.0
view,2024-12-06 03:45:32,118,2,
rating,2024-12-06 03:45:32,118,2,3.0
enroll,2024-12-06 03:45:32,118,22,
rating,2024-12-06 03:45:32,118,22,5.0
view,2024-12-06 03:45:32,118,20,
rating,2024-12-06 03:45:32,118,20,4.0
enroll,2024-12-06 03:45:32,118,16,
rating,2024-12-06 03:45:32,118,16,5.0
complete,2024-12-06 03:45:32,119,19,
rating,2024-12-06 03:45:32,119,19,1.0
enroll,2024-12-06 03:45:32,119,7,
rating,2024-12-06 03:45:32,119,7,2.0
enroll,2024-12-06 03:45:32,120,7,
rating,2024-12-06 03:45:32,120,7,4.0
enroll,2024-12-06 03:45:32,120,15,
rating,2024-12-06 03:45:32,120,15,5.0
view,2024-12-06 03:45:32,120,19,
rating,2024-12-06 03:45:32,120,19,2.0
enroll,2024-12-06 03:45:32,120,1,
rating,2024-12-06 03:45:32,120,1,1.0
view,2024-12-06 03:45:32,120,5,
rating,2024-12-06 03:45:32,120,5,4.0
enroll,2024-12-06 03:45:32,121,29,
rating,2024-12-06 03:45:32,121,29,3.0
complete,2024-12-06 03:45:32,121,16,
rating,2024-12-06 03:45:32,121,16,1.0
view,2024-12-06 03:45:32,121,6,
rating,2024-12-06 03:45:32,121,6,4.0
complete,2024-12-06 03:45:32,121,20,
rating,2024-12-06 03:45:32,121,20,1.0
complete,2024-12-06 03:45:32,122,2,
rating,2024-12-06 03:45:32,122,2,5.0
view,2024-12-06 03:45:32,122,13,
rating,2024-12-06 03:45:32,122,13,1.0
complete,2024-12-06 03:45:32,123,23,
rating,2024-12-06 03:45:32,123,23,2.0
complete,2024-12-06 03:45:32,123,4,
rating,2024-12-06 03:45:32,123,4,3.0
view,2024-12-06 03:45:32,123,7,
rating,2024-12-06 03:45:32,123,7,4.0
view,2024-12-06 03:45:32,123,11,
rating,2024-12-06 03:45:32,123,11,1.0
complete,2024-12-06 03:45:32,123,8,
rating,2024-12-06 03:45:32,123,8,5.0
complete,2024-12-06 03:45:32,124,2,
rating,2024-12-06 03:45:32,124,2,4.0
enroll,2024-12-06 03:45:32,124,13,
rating,2024-12-06 03:45:32,124,13,2.0
view,2024-12-06 03:45:32,124,14,
rating,2024-12-06 03:45:32,124,14,5.0
enroll,2024-12-06 03:45:32,124,28,
rating,2024-12-06 03:45:32,124,28,4.0
view,2024-12-06 03:45:32,124,23,
rating,2024-12-06 03:45:32,124,23,1.0
enroll,2024-12-06 03:45:32,125,11,
rating,2024-12-06 03:45:32,125,11,4.0
enroll,2024-12-06 03:45:32,125,29,
rating,2024-12-06 03:45:32,125,29,4.0
complete,2024-12-06 03:45:32,126,7,
rating,2024-12-06 03:45:32,126,7,5.0
enroll,2024-12-06 03:45:32,126,29,
rating,2024-12-06 03:45:32,126,29,3.0
complete,2024-12-06 03:45:32,126,22,
rating,2024-12-06 03:45:32,126,22,1.0
complete,2024-12-06 03:45:32,127,25,
rating,2024-12-06 03:45:32,127,25,5.0
complete,2024-12-06 03:45:32,127,23,
rating,2024-12-06 03:45:32,127,23,5.0
view,2024-12-06 03:45:32,127,5,
rating,2024-12-06 03:45:32,127,5,3.0
complete,2024-12-06 03:45:32,128,18,
rating,2024-12-06 03:45:32,128,18,4.0
enroll,2024-12-06 03:45:32,128,3,
rating,2024-12-06 03:45:32,128,3,3.0
complete,2024-12-06 03:45:32,128,15,
rating,2024-12-06 03:45:32,128,15,3.0
enroll,2024-12-06 03:45:32,128,25,
rating,2024-12-06 03:45:32,128,25,2.0
complete,2024-12-06 03:45:32,129,14,
rating,2024-12-06 03:45:32,129,14,1.0
enroll,2024-12-06 03:45:32,129,28,
rating,2024-12-06 03:45:32,129,28,2.0
complete,2024-12-06 03:45:32,129,23,
rating,2024-12-06 03:45:32,129,23,3.0
view,2024-12-06 03:45:32,129,10,
rating,2024-12-06 03:45:32,129,10,2.0
complete,2024-12-06 03:45:32,129,5,
rating,2024-12-06 03:45:32,129,5,1.0
enroll,2024-12-06 03:45:32,130,20,
rating,2024-12-06 03:45:32,130,20,1.0
view,2024-12-06 03:45:32,130,14,
rating,2024-12-06 03:45:32,130,14,2.0
complete,2024-12-06 03:45:32,130,24,
rating,2024-12-06 03:45:32,130,24,2.0
complete,2024-12-06 03:45:32,130,19,
rating,2024-12-06 03:45:32,130,19,4.0
enroll,2024-12-06 03:45:32,131,17,
rating,2024-12-06 03:45:32,131,17,3.0
enroll,2024-12-06 03:45:32,131,15,
rating,2024-12-06 03:45:32,131,15,1.0
complete,2024-12-06 03:45:32,131,1,
rating,2024-12-06 03:45:32,131,1,5.0
enroll,2024-12-06 03:45:32,132,6,
rating,2024-12-06 03:45:32,132,6,1.0
view,2024-12-06 03:45:32,132,4,
rating,2024-12-06 03:45:32,132,4,1.0
enroll,2024-12-06 03:45:32,132,5,
rating,2024-12-06 03:45:32,132,5,5.0
enroll,2024-12-06 03:45:32,132,27,
rating,2024-12-06 03:45:32,132,27,5.0
complete,2024-12-06 03:45:32,133,20,
rating,2024-12-06 03:45:32,133,20,3.0
enroll,2024-12-06 03:45:32,133,16,
rating,2024-12-06 03:45:32,133,16,4.0
view,2024-12-06 03:45:32,133,9,
rating,2024-12-06 03:45:32,133,9,1.0
enroll,2024-12-06 03:45:32,133,22,
rating,2024-12-06 03:45:32,133,22,4.0
view,2024-12-06 03:45:32,134,7,
rating,2024-12-06 03:45:32,134,7,3.0
complete,2024-12-06 03:45:32,134,24,
rating,2024-12-06 03:45:32,134,24,1.0
view,2024-12-06 03:45:32,134,21,
rating,2024-12-06 03:45:32,134,21,4.0
view,2024-12-06 03:45:32,134,5,
rating,2024-12-06 03:45:32,134,5,5.0
complete,2024-12-06 03:45:32,135,11,
rating,2024-12-06 03:45:32,135,11,3.0
complete,2024-12-06 03:45:32,135,18,
rating,2024-12-06 03:45:32,135,18,4.0
view,2024-12-06 03:45:32,135,23,
rating,2024-12-06 03:45:32,135,23,2.0
enroll,2024-12-06 03:45:32,136,26,
rating,2024-12-06 03:45:32,136,26,2.0
complete,2024-12-06 03:45:32,136,20,
rating,2024-12-06 03:45:32,136,20,2.0
view,2024-12-06 03:45:32,136,7,
rating,2024-12-06 03:45:32,136,7,2.0
enroll,2024-12-06 03:45:32,136,24,
rating,2024-12-06 03:45:32,136,24,1.0
view,2024-12-06 03:45:32,137,27,
rating,2024-12-06 03:45:32,137,27,4.0
view,2024-12-06 03:45:32,137,17,
rating,2024-12-06 03:45:32,137,17,4.0
enroll,2024-12-06 03:45:32,138,7,
rating,2024-12-06 03:45:32,138,7,4.0
view,2024-12-06 03:45:32,138,11,
rating,2024-12-06 03:45:32,138,11,3.0
view,2024-12-06 03:45:32,138,28,
rating,2024-12-06 03:45:32,138,28,4.0
view,2024-12-06 03:45:32,139,9,
rating,2024-12-06 03:45:32,139,9,3.0
enroll,2024-12-06 03:45:32,139,3,
rating,2024-12-06 03:45:32,139,3,3.0
enroll,2024-12-06 03:45:32,139,13,
rating,2024-12-06 03:45:32,139,13,3.0
view,2024-12-06 03:45:32,139,1,
rating,2024-12-06 03:45:32,139,1,1.0
enroll,2024-12-06 03:45:32,140,30,
rating,2024-12-06 03:45:32,140,30,1.0
enroll,2024-12-06 03:45:32,140,2,
rating,2024-12-06 03:45:32,140,2,4.0
complete,2024-12-06 03:45:32,140,12,
rating,2024-12-06 03:45:32,140,12,4.0
view,2024-12-06 03:45:32,140,7,
rating,2024-12-06 03:45:32,140,7,4.0
enroll,2024-12-06 03:45:32,140,17,
rating,2024-12-06 03:45:32,140,17,2.0
enroll,2024-12-06 03:45:32,141,7,
rating,2024-12-06 03:45:32,141,7,1.0
complete,2024-12-06 03:45:32,141,15,
rating,2024-12-06 03:45:32,141,15,3.0
enroll,2024-12-06 03:45:32,141,6,
rating,2024-12-06 03:45:32,141,6,3.0
view,2024-12-06 03:45:32,142,29,
rating,2024-12-06 03:45:32,142,29,3.0
complete,2024-12-06 03:45:32,142,26,
rating,2024-12-06 03:45:32,142,26,5.0
view,2024-12-06 03:45:32,142,27,
rating,2024-12-06 03:45:32,142,27,1.0
view,2024-12-06 03:45:32,142,22,
rating,2024-12-06 03:45:32,142,22,3.0
enroll,2024-12-06 03:45:32,143,24,
rating,2024-12-06 03:45:32,143,24,1.0
complete,2024-12-06 03:45:32,143,6,
rating,2024-12-06 03:45:32,143,6,5.0
view,2024-12-06 03:45:32,143,1,
rating,2024-12-06 03:45:32,143,1,1.0
enroll,2024-12-06 03:45:32,143,12,
rating,2024-12-06 03:45:32,143,12,2.0
enroll,2024-12-06 03:45:32,143,29,
rating,2024-12-06 03:45:32,143,29,1.0
complete,2024-12-06 03:45:32,144,15,
rating,2024-12-06 03:45:32,144,15,1.0
complete,2024-12-06 03:45:32,144,28,
rating,2024-12-06 03:45:32,144,28,2.0
complete,2024-12-06 03:45:32,144,29,
rating,2024-12-06 03:45:32,144,29,4.0
complete,2024-12-06 03:45:32,144,5,
rating,2024-12-06 03:45:32,144,5,1.0
complete,2024-12-06 03:45:32,144,9,
rating,2024-12-06 03:45:32,144,9,4.0
complete,2024-12-06 03:45:32,145,24,
rating,2024-12-06 03:45:32,145,24,4.0
enroll,2024-12-06 03:45:32,145,4,
rating,2024-12-06 03:45:32,145,4,1.0
view,2024-12-06 03:45:32,145,1,
rating,2024-12-06 03:45:32,145,1,4.0
enroll,2024-12-06 03:45:32,145,7,
rating,2024-12-06 03:45:32,145,7,4.0
view,2024-12-06 03:45:32,145,5,
rating,2024-12-06 03:45:32,145,5,5.0
complete,2024-12-06 03:45:32,146,26,
rating,2024-12-06 03:45:32,146,26,4.0
enroll,2024-12-06 03:45:32,146,6,
rating,2024-12-06 03:45:32,146,6,3.0
view,2024-12-06 03:45:32,146,23,
rating,2024-12-06 03:45:32,146,23,5.0
view,2024-12-06 03:45:32,146,20,
rating,2024-12-06 03:45:32,146,20,1.0
complete,2024-12-06 03:45:32,147,21,
rating,2024-12-06 03:45:32,147,21,4.0
view,2024-12-06 03:45:32,147,28,
rating,2024-12-06 03:45:32,147,28,4.0
enroll,2024-12-06 03:45:32,147,17,
rating,2024-12-06 03:45:32,147,17,4.0
complete,2024-12-06 03:45:32,148,4,
rating,2024-12-06 03:45:32,148,4,2.0
complete,2024-12-06 03:45:32,148,26,
rating,2024-12-06 03:45:32,148,26,3.0
enroll,2024-12-06 03:45:32,149,8,
rating,2024-12-06 03:45:32,149,8,2.0
view,2024-12-06 03:45:32,149,17,
rating,2024-12-06 03:45:32,149,17,3.0
view,2024-12-06 03:45:32,149,6,
rating,2024-12-06 03:45:32,149,6,1.0
view,2024-12-06 03:45:32,150,3,
rating,2024-12-06 03:45:32,150,3,1.0
complete,2024-12-06 03:45:32,150,7,
rating,2024-12-06 03:45:32,150,7,2.0
view,2024-12-06 03:45:32,151,16,
rating,2024-12-06 03:45:32,151,16,1.0
view,2024-12-06 03:45:32,151,29,
rating,2024-12-06 03:45:32,151,29,4.0
enroll,2024-12-06 03:45:32,151,11,
rating,2024-12-06 03:45:32,151,11,3.0
enroll,2024-12-06 03:45:32,151,22,
rating,2024-12-06 03:45:32,151,22,4.0
view,2024-12-06 03:45:32,152,15,
rating,2024-12-06 03:45:32,152,15,5.0
complete,2024-12-06 03:45:32,152,21,
rating,2024-12-06 03:45:32,152,21,3.0
view,2024-12-06 03:45:32,152,9,
rating,2024-12-06 03:45:32,152,9,1.0
enroll,2024-12-06 03:45:32,152,25,
rating,2024-12-06 03:45:32,152,25,5.0
enroll,2024-12-06 03:45:32,152,6,
rating,2024-12-06 03:45:32,152,6,3.0
view,2024-12-06 03:45:32,153,26,
rating,2024-12-06 03:45:32,153,26,4.0
view,2024-12-06 03:45:32,153,4,
rating,2024-12-06 03:45:32,153,4,3.0
complete,2024-12-06 03:45:32,153,20,
rating,2024-12-06 03:45:32,153,20,4.0
complete,2024-12-06 03:45:32,154,24,
rating,2024-12-06 03:45:32,154,24,4.0
view,2024-12-06 03:45:32,154,27,
rating,2024-12-06 03:45:32,154,27,3.0
enroll,2024-12-06 03:45:32,155,16,
rating,2024-12-06 03:45:32,155,16,1.0
enroll,2024-12-06 03:45:32,155,8,
rating,2024-12-06 03:45:32,155,8,2.0
complete,2024-12-06 03:45:32,155,12,
rating,2024-12-06 03:45:32,155,12,5.0
view,2024-12-06 03:45:32,155,26,
rating,2024-12-06 03:45:32,155,26,2.0
enroll,2024-12-06 03:45:32,155,3,
rating,2024-12-06 03:45:32,155,3,1.0
view,2024-12-06 03:45:32,156,27,
rating,2024-12-06 03:45:32,156,27,4.0
complete,2024-12-06 03:45:32,156,17,
rating,2024-12-06 03:45:32,156,17,4.0
view,2024-12-06 03:45:32,156,19,
rating,2024-12-06 03:45:32,156,19,3.0
view,2024-12-06 03:45:32,156,16,
rating,2024-12-06 03:45:32,156,16,3.0
enroll,2024-12-06 03:45:32,157,21,
rating,2024-12-06 03:45:32,157,21,2.0
complete,2024-12-06 03:45:32,157,30,
rating,2024-12-06 03:45:32,157,30,5.0
view,2024-12-06 03:45:32,157,18,
rating,2024-12-06 03:45:32,157,18,4.0
enroll,2024-12-06 03:45:32,157,9,
rating,2024-12-06 03:45:32,157,9,1.0
complete,2024-12-06 03:45:32,158,16,
rating,2024-12-06 03:45:32,158,16,1.0
enroll,2024-12-06 03:45:32,158,8,
rating,2024-12-06 03:45:32,158,8,2.0
complete,2024-12-06 03:45:32,158,19,
rating,2024-12-06 03:45:32,158,19,2.0
enroll,2024-12-06 03:45:32,158,6,
rating,2024-12-06 03:45:32,158,6,3.0
view,2024-12-06 03:45:32,159,3,
rating,2024-12-06 03:45:32,159,3,2.0
view,2024-12-06 03:45:32,159,4,
rating,2024-12-06 03:45:32,159,4,5.0
enroll,2024-12-06 03:45:32,159,7,
rating,2024-12-06 03:45:32,159,7,4.0
view,2024-12-06 03:45:32,160,11,
rating,2024-12-06 03:45:32,160,11,4.0
enroll,2024-12-06 03:45:32,160,3,
rating,2024-12-06 03:45:32,160,3,3.0
enroll,2024-12-06 03:45:32,160,14,
rating,2024-12-06 03:45:32,160,14,2.0
complete,2024-12-06 03:45:32,161,24,
rating,2024-12-06 03:45:32,161,24,3.0
view,2024-12-06 03:45:32,161,23,
rating,2024-12-06 03:45:32,161,23,4.0
view,2024-12-06 03:45:32,161,29,
rating,2024-12-06 03:45:32,161,29,2.0
complete,2024-12-06 03:45:32,161,6,
rating,2024-12-06 03:45:32,161,6,2.0
view,2024-12-06 03:45:32,162,18,
rating,2024-12-06 03:45:32,162,18,4.0
enroll,2024-12-06 03:45:32,162,14,
rating,2024-12-06 03:45:32,162,14,3.0
complete,2024-12-06 03:45:32,162,15,
rating,2024-12-06 03:45:32,162,15,4.0
complete,2024-12-06 03:45:32,162,6,
rating,2024-12-06 03:45:32,162,6,4.0
view,2024-12-06 03:45:32,162,10,
rating,2024-12-06 03:45:32,162,10,4.0
complete,2024-12-06 03:45:32,163,26,
rating,2024-12-06 03:45:32,163,26,3.0
view,2024-12-06 03:45:32,163,9,
rating,2024-12-06 03:45:32,163,9,4.0
complete,2024-12-06 03:45:32,163,18,
rating,2024-12-06 03:45:32,163,18,5.0
complete,2024-12-06 03:45:32,163,28,
rating,2024-12-06 03:45:32,163,28,2.0
complete,2024-12-06 03:45:32,163,20,
rating,2024-12-06 03:45:32,163,20,3.0
view,2024-12-06 03:45:32,164,25,
rating,2024-12-06 03:45:32,164,25,5.0
view,2024-12-06 03:45:32,164,17,
rating,2024-12-06 03:45:32,164,17,3.0
enroll,2024-12-06 03:45:32,164,9,
rating,2024-12-06 03:45:32,164,9,2.0
view,2024-12-06 03:45:32,164,7,
rating,2024-12-06 03:45:32,164,7,3.0
enroll,2024-12-06 03:45:32,165,4,
rating,2024-12-06 03:45:32,165,4,5.0
complete,2024-12-06 03:45:32,165,29,
rating,2024-12-06 03:45:32,165,29,4.0
enroll,2024-12-06 03:45:32,165,19,
rating,2024-12-06 03:45:32,165,19,1.0
view,2024-12-06 03:45:32,165,23,
rating,2024-12-06 03:45:32,165,23,5.0
view,2024-12-06 03:45:32,166,19,
rating,2024-12-06 03:45:32,166,19,3.0
complete,2024-12-06 03:45:32,166,12,
rating,2024-12-06 03:45:32,166,12,4.0
complete,2024-12-06 03:45:32,166,3,
rating,2024-12-06 03:45:32,166,3,5.0
complete,2024-12-06 03:45:32,166,20,
rating,2024-12-06 03:45:32,166,20,4.0
complete,2024-12-06 03:45:32,167,1,
rating,2024-12-06 03:45:32,167,1,4.0
enroll,2024-12-06 03:45:32,167,21,
rating,2024-12-06 03:45:32,167,21,2.0
complete,2024-12-06 03:45:32,167,26,
rating,2024-12-06 03:45:32,167,26,2.0
complete,2024-12-06 03:45:32,167,16,
rating,2024-12-06 03:45:32,167,16,5.0
view,2024-12-06 03:45:32,168,18,
rating,2024-12-06 03:45:32,168,18,4.0
enroll,2024-12-06 03:45:32,168,17,
rating,2024-12-06 03:45:32,168,17,5.0
enroll,2024-12-06 03:45:32,168,9,
rating,2024-12-06 03:45:32,168,9,1.0
complete,2024-12-06 03:45:32,168,6,
rating,2024-12-06 03:45:32,168,6,5.0
enroll,2024-12-06 03:45:32,169,26,
rating,2024-12-06 03:45:32,169,26,4.0
complete,2024-12-06 03:45:32,169,7,
rating,2024-12-06 03:45:32,169,7,2.0
complete,2024-12-06 03:45:32,169,3,
rating,2024-12-06 03:45:32,169,3,5.0
enroll,2024-12-06 03:45:32,170,24,
rating,2024-12-06 03:45:32,170,24,5.0
complete,2024-12-06 03:45:32,170,7,
rating,2024-12-06 03:45:32,170,7,1.0
complete,2024-12-06 03:45:32,171,29,
rating,2024-12-06 03:45:32,171,29,5.0
view,2024-12-06 03:45:32,171,28,
rating,2024-12-06 03:45:32,171,28,1.0
complete,2024-12-06 03:45:32,171,8,
rating,2024-12-06 03:45:32,171,8,2.0
complete,2024-12-06 03:45:32,172,30,
rating,2024-12-06 03:45:32,172,30,5.0
view,2024-12-06 03:45:32,172,3,
rating,2024-12-06 03:45:32,172,3,5.0
view,2024-12-06 03:45:32,173,1,
rating,2024-12-06 03:45:32,173,1,2.0
enroll,2024-12-06 03:45:32,173,2,
rating,2024-12-06 03:45:32,173,2,4.0
enroll,2024-12-06 03:45:32,173,15,
rating,2024-12-06 03:45:32,173,15,4.0
complete,2024-12-06 03:45:32,174,16,
rating,2024-12-06 03:45:32,174,16,3.0
enroll,2024-12-06 03:45:32,174,23,
rating,2024-12-06 03:45:32,174,23,3.0
enroll,2024-12-06 03:45:32,174,14,
rating,2024-12-06 03:45:32,174,14,4.0
enroll,2024-12-06 03:45:32,174,13,
rating,2024-12-06 03:45:32,174,13,5.0
enroll,2024-12-06 03:45:32,175,18,
rating,2024-12-06 03:45:32,175,18,1.0
enroll,2024-12-06 03:45:32,175,26,
rating,2024-12-06 03:45:32,175,26,4.0
complete,2024-12-06 03:45:32,175,5,
rating,2024-12-06 03:45:32,175,5,2.0
enroll,2024-12-06 03:45:32,175,6,
rating,2024-12-06 03:45:32,175,6,3.0
complete,2024-12-06 03:45:32,175,8,
rating,2024-12-06 03:45:32,175,8,1.0
complete,2024-12-06 03:45:32,176,18,
rating,2024-12-06 03:45:32,176,18,4.0
view,2024-12-06 03:45:32,176,27,
rating,2024-12-06 03:45:32,176,27,5.0
complete,2024-12-06 03:45:32,176,13,
rating,2024-12-06 03:45:32,176,13,3.0
complete,2024-12-06 03:45:32,176,4,
rating,2024-12-06 03:45:32,176,4,3.0
complete,2024-12-06 03:45:32,177,22,
rating,2024-12-06 03:45:32,177,22,4.0
enroll,2024-12-06 03:45:32,177,12,
rating,2024-12-06 03:45:32,177,12,4.0
view,2024-12-06 03:45:32,178,16,
rating,2024-12-06 03:45:32,178,16,5.0
enroll,2024-12-06 03:45:32,178,25,
rating,2024-12-06 03:45:32,178,25,3.0
view,2024-12-06 03:45:32,178,1,
rating,2024-12-06 03:45:32,178,1,2.0
view,2024-12-06 03:45:32,178,12,
rating,2024-12-06 03:45:32,178,12,2.0
view,2024-12-06 03:45:32,178,23,
rating,2024-12-06 03:45:32,178,23,2.0
complete,2024-12-06 03:45:32,179,22,
rating,2024-12-06 03:45:32,179,22,5.0
enroll,2024-12-06 03:45:32,179,18,
rating,2024-12-06 03:45:32,179,18,4.0
view,2024-12-06 03:45:32,179,21,
rating,2024-12-06 03:45:32,179,21,3.0
enroll,2024-12-06 03:45:32,179,30,
rating,2024-12-06 03:45:32,179,30,5.0
enroll,2024-12-06 03:45:32,179,13,
rating,2024-12-06 03:45:32,179,13,1.0
complete,2024-12-06 03:45:32,180,20,
rating,2024-12-06 03:45:32,180,20,2.0
view,2024-12-06 03:45:32,180,10,
rating,2024-12-06 03:45:32,180,10,2.0
complete,2024-12-06 03:45:32,180,16,
rating,2024-12-06 03:45:32,180,16,4.0
enroll,2024-12-06 03:45:32,180,24,
rating,2024-12-06 03:45:32,180,24,2.0
complete,2024-12-06 03:45:32,180,13,
rating,2024-12-06 03:45:32,180,13,2.0
view,2024-12-06 03:45:32,181,9,
rating,2024-12-06 03:45:32,181,9,1.0
complete,2024-12-06 03:45:32,181,2,
rating,2024-12-06 03:45:32,181,2,4.0
enroll,2024-12-06 03:45:32,181,20,
rating,2024-12-06 03:45:32,181,20,4.0
enroll,2024-12-06 03:45:32,182,22,
rating,2024-12-06 03:45:32,182,22,3.0
complete,2024-12-06 03:45:32,182,24,
rating,2024-12-06 03:45:32,182,24,5.0
enroll,2024-12-06 03:45:32,182,20,
rating,2024-12-06 03:45:32,182,20,2.0
complete,2024-12-06 03:45:32,182,13,
rating,2024-12-06 03:45:32,182,13,3.0
complete,2024-12-06 03:45:32,183,17,
rating,2024-12-06 03:45:32,183,17,5.0
enroll,2024-12-06 03:45:32,183,22,
rating,2024-12-06 03:45:32,183,22,5.0
view,2024-12-06 03:45:32,183,15,
rating,2024-12-06 03:45:32,183,15,3.0
view,2024-12-06 03:45:32,183,5,
rating,2024-12-06 03:45:32,183,5,3.0
enroll,2024-12-06 03:45:32,183,14,
rating,2024-12-06 03:45:32,183,14,5.0
view,2024-12-06 03:45:32,184,16,
rating,2024-12-06 03:45:32,184,16,4.0
enroll,2024-12-06 03:45:32,184,28,
rating,2024-12-06 03:45:32,184,28,1.0
enroll,2024-12-06 03:45:32,185,30,
rating,2024-12-06 03:45:32,185,30,2.0
view,2024-12-06 03:45:32,185,22,
rating,2024-12-06 03:45:32,185,22,5.0
complete,2024-12-06 03:45:32,185,28,
rating,2024-12-06 03:45:32,185,28,1.0
complete,2024-12-06 03:45:32,186,23,
rating,2024-12-06 03:45:32,186,23,1.0
complete,2024-12-06 03:45:32,186,18,
rating,2024-12-06 03:45:32,186,18,4.0
view,2024-12-06 03:45:32,186,4,
rating,2024-12-06 03:45:32,186,4,2.0
enroll,2024-12-06 03:45:32,186,29,
rating,2024-12-06 03:45:32,186,29,5.0
complete,2024-12-06 03:45:32,186,11,
rating,2024-12-06 03:45:32,186,11,4.0
enroll,2024-12-06 03:45:32,187,10,
rating,2024-12-06 03:45:32,187,10,4.0
complete,2024-12-06 03:45:32,187,7,
rating,2024-12-06 03:45:32,187,7,5.0
enroll,2024-12-06 03:45:32,188,13,
rating,2024-12-06 03:45:32,188,13,2.0
complete,2024-12-06 03:45:32,188,5,
rating,2024-12-06 03:45:32,188,5,3.0
view,2024-12-06 03:45:32,189,4,
rating,2024-12-06 03:45:32,189,4,3.0
enroll,2024-12-06 03:45:32,189,30,
rating,2024-12-06 03:45:32,189,30,5.0
view,2024-12-06 03:45:32,189,17,
rating,2024-12-06 03:45:32,189,17,4.0
complete,2024-12-06 03:45:32,190,10,
rating,2024-12-06 03:45:32,190,10,5.0
view,2024-12-06 03:45:32,190,6,
rating,2024-12-06 03:45:32,190,6,1.0
enroll,2024-12-06 03:45:32,191,11,
rating,2024-12-06 03:45:32,191,11,2.0
complete,2024-12-06 03:45:32,191,30,
rating,2024-12-06 03:45:32,191,30,3.0
view,2024-12-06 03:45:32,191,14,
rating,2024-12-06 03:45:32,191,14,2.0
view,2024-12-06 03:45:32,192,20,
rating,2024-12-06 03:45:32,192,20,4.0
enroll,2024-12-06 03:45:32,192,3,
rating,2024-12-06 03:45:32,192,3,4.0
enroll,2024-12-06 03:45:32,192,18,
rating,2024-12-06 03:45:32,192,18,2.0
complete,2024-12-06 03:45:32,192,16,
rating,2024-12-06 03:45:32,192,16,3.0
view,2024-12-06 03:45:32,192,21,
rating,2024-12-06 03:45:32,192,21,3.0
complete,2024-12-06 03:45:32,193,3,
rating,2024-12-06 03:45:32,193,3,1.0
view,2024-12-06 03:45:32,193,11,
rating,2024-12-06 03:45:32,193,11,5.0
complete,2024-12-06 03:45:32,193,8,
rating,2024-12-06 03:45:32,193,8,4.0
enroll,2024-12-06 03:45:32,194,2,
rating,2024-12-06 03:45:32,194,2,1.0
enroll,2024-12-06 03:45:32,194,26,
rating,2024-12-06 03:45:32,194,26,3.0
complete,2024-12-06 03:45:32,194,15,
rating,2024-12-06 03:45:32,194,15,4.0
complete,2024-12-06 03:45:32,194,27,
rating,2024-12-06 03:45:32,194,27,4.0
complete,2024-12-06 03:45:32,195,2,
rating,2024-12-06 03:45:32,195,2,1.0
view,2024-12-06 03:45:32,195,10,
rating,2024-12-06 03:45:32,195,10,2.0
enroll,2024-12-06 03:45:32,196,30,
rating,2024-12-06 03:45:32,196,30,5.0
view,2024-12-06 03:45:32,196,22,
rating,2024-12-06 03:45:32,196,22,1.0
enroll,2024-12-06 03:45:32,196,2,
rating,2024-12-06 03:45:32,196,2,4.0
complete,2024-12-06 03:45:32,196,14,
rating,2024-12-06 03:45:32,196,14,1.0
enroll,2024-12-06 03:45:32,196,19,
rating,2024-12-06 03:45:32,196,19,4.0
complete,2024-12-06 03:45:32,197,30,
rating,2024-12-06 03:45:32,197,30,3.0
view,2024-12-06 03:45:32,197,15,
rating,2024-12-06 03:45:32,197,15,1.0
view,2024-12-06 03:45:32,198,21,
rating,2024-12-06 03:45:32,198,21,1.0
complete,2024-12-06 03:45:32,198,24,
rating,2024-12-06 03:45:32,198,24,3.0
enroll,2024-12-06 03:45:32,198,17,
rating,2024-12-06 03:45:32,198,17,5.0
view,2024-12-06 03:45:32,198,3,
rating,2024-12-06 03:45:32,198,3,1.0
view,2024-12-06 03:45:32,198,15,
rating,2024-12-06 03:45:32,198,15,3.0
view,2024-12-06 03:45:32,199,2,
rating,2024-12-06 03:45:32,199,2,4.0
enroll,2024-12-06 03:45:32,199,20,
rating,2024-12-06 03:45:32,199,20,2.0
complete,2024-12-06 03:45:32,199,22,
rating,2024-12-06 03:45:32,199,22,4.0
view,2024-12-06 03:45:32,199,19,
rating,2024-12-06 03:45:32,199,19,1.0
enroll,2024-12-06 03:45:32,199,17,
rating,2024-12-06 03:45:32,199,17,3.0
complete,2024-12-06 03:45:32,200,23,
rating,2024-12-06 03:45:32,200,23,2.0
view,2024-12-06 03:45:32,200,12,
rating,2024-12-06 03:45:32,200,12,1.0
complete,2024-12-06 03:45:32,200,11,
rating,2024-12-06 03:45:32,200,11,1.0
enroll,2024-12-06 03:45:32,201,13,
rating,2024-12-06 03:45:32,201,13,5.0
enroll,2024-12-06 03:45:32,201,7,
rating,2024-12-06 03:45:32,201,7,4.0
view,2024-12-06 03:45:32,201,6,
rating,2024-12-06 03:45:32,201,6,5.0
enroll,2024-12-06 03:45:32,201,24,
rating,2024-12-06 03:45:32,201,24,1.0
complete,2024-12-06 03:45:32,201,11,
rating,2024-12-06 03:45:32,201,11,4.0
enroll,2024-12-06 03:45:32,202,13,
rating,2024-12-06 03:45:32,202,13,1.0
enroll,2024-12-06 03:45:32,202,1,
rating,2024-12-06 03:45:32,202,1,5.0
complete,2024-12-06 03:45:32,202,26,
rating,2024-12-06 03:45:32,202,26,3.0
view,2024-12-06 03:45:32,202,30,
rating,2024-12-06 03:45:32,202,30,1.0
complete,2024-12-06 03:45:32,202,10,
rating,2024-12-06 03:45:32,202,10,3.0
view,2024-12-06 03:45:32,203,10,
rating,2024-12-06 03:45:32,203,10,5.0
complete,2024-12-06 03:45:32,203,26,
rating,2024-12-06 03:45:32,203,26,2.0
enroll,2024-12-06 03:45:32,203,2,
rating,2024-12-06 03:45:32,203,2,3.0
enroll,2024-12-06 03:45:32,204,1,
rating,2024-12-06 03:45:32,204,1,3.0
complete,2024-12-06 03:45:32,204,9,
rating,2024-12-06 03:45:32,204,9,4.0
view,2024-12-06 03:45:32,204,16,
rating,2024-12-06 03:45:32,204,16,1.0
enroll,2024-12-06 03:45:32,204,5,
rating,2024-12-06 03:45:32,204,5,3.0
complete,2024-12-06 03:45:32,205,3,
rating,2024-12-06 03:45:32,205,3,1.0
complete,2024-12-06 03:45:32,205,27,
rating,2024-12-06 03:45:32,205,27,5.0
enroll,2024-12-06 03:45:32,206,11,
rating,2024-12-06 03:45:32,206,11,2.0
complete,2024-12-06 03:45:32,206,29,
rating,2024-12-06 03:45:32,206,29,4.0
enroll,2024-12-06 03:45:32,206,30,
rating,2024-12-06 03:45:32,206,30,3.0
enroll,2024-12-06 03:45:32,206,19,
rating,2024-12-06 03:45:32,206,19,5.0
enroll,2024-12-06 03:45:32,206,8,
rating,2024-12-06 03:45:32,206,8,5.0
view,2024-12-06 03:45:32,207,23,
rating,2024-12-06 03:45:32,207,23,1.0
complete,2024-12-06 03:45:32,207,26,
rating,2024-12-06 03:45:32,207,26,1.0
enroll,2024-12-06 03:45:32,208,25,
rating,2024-12-06 03:45:32,208,25,4.0
enroll,2024-12-06 03:45:32,208,14,
rating,2024-12-06 03:45:32,208,14,5.0
enroll,2024-12-06 03:45:32,208,17,
rating,2024-12-06 03:45:32,208,17,5.0
enroll,2024-12-06 03:45:32,208,2,
rating,2024-12-06 03:45:32,208,2,3.0
enroll,2024-12-06 03:45:32,209,18,
rating,2024-12-06 03:45:32,209,18,4.0
complete,2024-12-06 03:45:32,209,24,
rating,2024-12-06 03:45:32,209,24,4.0
view,2024-12-06 03:45:32,209,17,
rating,2024-12-06 03:45:32,209,17,3.0
enroll,2024-12-06 03:45:32,210,30,
rating,2024-12-06 03:45:32,210,30,2.0
view,2024-12-06 03:45:32,210,19,
rating,2024-12-06 03:45:32,210,19,3.0
enroll,2024-12-06 03:45:32,210,7,
rating,2024-12-06 03:45:32,210,7,5.0
complete,2024-12-06 03:45:32,210,12,
rating,2024-12-06 03:45:32,210,12,5.0
enroll,2024-12-06 03:45:32,210,29,
rating,2024-12-06 03:45:32,210,29,2.0
enroll,2024-12-06 03:45:32,211,5,
rating,2024-12-06 03:45:32,211,5,4.0
enroll,2024-12-06 03:45:32,211,7,
rating,2024-12-06 03:45:32,211,7,1.0
enroll,2024-12-06 03:45:32,211,21,
rating,2024-12-06 03:45:32,211,21,2.0
complete,2024-12-06 03:45:32,212,25,
rating,2024-12-06 03:45:32,212,25,1.0
view,2024-12-06 03:45:32,212,11,
rating,2024-12-06 03:45:32,212,11,5.0
enroll,2024-12-06 03:45:32,213,23,
rating,2024-12-06 03:45:32,213,23,4.0
view,2024-12-06 03:45:32,213,1,
rating,2024-12-06 03:45:32,213,1,2.0
view,2024-12-06 03:45:32,214,18,
rating,2024-12-06 03:45:32,214,18,1.0
enroll,2024-12-06 03:45:32,214,8,
rating,2024-12-06 03:45:32,214,8,4.0
complete,2024-12-06 03:45:32,214,15,
rating,2024-12-06 03:45:32,214,15,2.0
view,2024-12-06 03:45:32,214,24,
rating,2024-12-06 03:45:32,214,24,2.0
complete,2024-12-06 03:45:32,214,30,
rating,2024-12-06 03:45:32,214,30,2.0
enroll,2024-12-06 03:45:32,215,19,
rating,2024-12-06 03:45:32,215,19,5.0
view,2024-12-06 03:45:32,215,25,
rating,2024-12-06 03:45:32,215,25,3.0
complete,2024-12-06 03:45:32,215,9,
rating,2024-12-06 03:45:32,215,9,3.0
view,2024-12-06 03:45:32,215,22,
rating,2024-12-06 03:45:32,215,22,2.0
enroll,2024-12-06 03:45:32,216,21,
rating,2024-12-06 03:45:32,216,21,5.0
view,2024-12-06 03:45:32,216,28,
rating,2024-12-06 03:45:32,216,28,4.0
enroll,2024-12-06 03:45:32,217,23,
rating,2024-12-06 03:45:32,217,23,5.0
enroll,2024-12-06 03:45:32,217,29,
rating,2024-12-06 03:45:32,217,29,3.0
view,2024-12-06 03:45:32,217,3,
rating,2024-12-06 03:45:32,217,3,1.0
view,2024-12-06 03:45:32,217,28,
rating,2024-12-06 03:45:32,217,28,4.0
view,2024-12-06 03:45:32,218,28,
rating,2024-12-06 03:45:32,218,28,4.0
view,2024-12-06 03:45:32,218,6,
rating,2024-12-06 03:45:32,218,6,2.0
complete,2024-12-06 03:45:32,219,16,
rating,2024-12-06 03:45:32,219,16,4.0
view,2024-12-06 03:45:32,219,27,
rating,2024-12-06 03:45:32,219,27,4.0
view,2024-12-06 03:45:32,219,9,
rating,2024-12-06 03:45:32,219,9,5.0
enroll,2024-12-06 03:45:32,219,4,
rating,2024-12-06 03:45:32,219,4,1.0
view,2024-12-06 03:45:32,219,2,
rating,2024-12-06 03:45:32,219,2,5.0
view,2024-12-06 03:45:32,220,6,
rating,2024-12-06 03:45:32,220,6,3.0
enroll,2024-12-06 03:45:32,220,13,
rating,2024-12-06 03:45:32,220,13,3.0
complete,2024-12-06 03:45:32,220,11,
rating,2024-12-06 03:45:32,220,11,5.0
enroll,2024-12-06 03:45:32,221,6,
rating,2024-12-06 03:45:32,221,6,2.0
view,2024-12-06 03:45:32,221,15,
rating,2024-12-06 03:45:32,221,15,5.0
complete,2024-12-06 03:45:32,221,2,
rating,2024-12-06 03:45:32,221,2,4.0
complete,2024-12-06 03:45:32,221,29,
rating,2024-12-06 03:45:32,221,29,2.0
view,2024-12-06 03:45:32,221,16,
rating,2024-12-06 03:45:32,221,16,5.0
complete,2024-12-06 03:45:32,222,24,
rating,2024-12-06 03:45:32,222,24,3.0
complete,2024-12-06 03:45:32,222,28,
rating,2024-12-06 03:45:32,222,28,2.0
enroll,2024-12-06 03:45:32,223,12,
rating,2024-12-06 03:45:32,223,12,4.0
view,2024-12-06 03:45:32,223,23,
rating,2024-12-06 03:45:32,223,23,2.0
complete,2024-12-06 03:45:32,223,19,
rating,2024-12-06 03:45:32,223,19,3.0
complete,2024-12-06 03:45:32,224,25,
rating,2024-12-06 03:45:32,224,25,5.0
view,2024-12-06 03:45:32,224,20,
rating,2024-12-06 03:45:32,224,20,4.0
enroll,2024-12-06 03:45:32,225,16,
rating,2024-12-06 03:45:32,225,16,5.0
enroll,2024-12-06 03:45:32,225,26,
rating,2024-12-06 03:45:32,225,26,3.0
view,2024-12-06 03:45:32,225,14,
rating,2024-12-06 03:45:32,225,14,2.0
view,2024-12-06 03:45:32,226,17,
rating,2024-12-06 03:45:32,226,17,2.0
enroll,2024-12-06 03:45:32,226,29,
rating,2024-12-06 03:45:32,226,29,3.0
complete,2024-12-06 03:45:32,226,23,
rating,2024-12-06 03:45:32,226,23,3.0
complete,2024-12-06 03:45:32,226,3,
rating,2024-12-06 03:45:32,226,3,5.0
complete,2024-12-06 03:45:32,226,10,
rating,2024-12-06 03:45:32,226,10,1.0
view,2024-12-06 03:45:32,227,19,
rating,2024-12-06 03:45:32,227,19,5.0
view,2024-12-06 03:45:32,227,11,
rating,2024-12-06 03:45:32,227,11,5.0
complete,2024-12-06 03:45:32,227,22,
rating,2024-12-06 03:45:32,227,22,3.0
view,2024-12-06 03:45:32,227,14,
rating,2024-12-06 03:45:32,227,14,2.0
enroll,2024-12-06 03:45:32,228,16,
rating,2024-12-06 03:45:32,228,16,4.0
enroll,2024-12-06 03:45:32,228,10,
rating,2024-12-06 03:45:32,228,10,2.0
complete,2024-12-06 03:45:32,228,7,
rating,2024-12-06 03:45:32,228,7,2.0
complete,2024-12-06 03:45:32,228,12,
rating,2024-12-06 03:45:32,228,12,3.0
enroll,2024-12-06 03:45:32,228,9,
rating,2024-12-06 03:45:32,228,9,5.0
enroll,2024-12-06 03:45:32,229,15,
rating,2024-12-06 03:45:32,229,15,5.0
view,2024-12-06 03:45:32,229,24,
rating,2024-12-06 03:45:32,229,24,4.0
complete,2024-12-06 03:45:32,229,2,
rating,2024-12-06 03:45:32,229,2,2.0
enroll,2024-12-06 03:45:32,229,19,
rating,2024-12-06 03:45:32,229,19,1.0
complete,2024-12-06 03:45:32,230,19,
rating,2024-12-06 03:45:32,230,19,4.0
view,2024-12-06 03:45:32,230,1,
rating,2024-12-06 03:45:32,230,1,3.0
view,2024-12-06 03:45:32,230,4,
rating,2024-12-06 03:45:32,230,4,4.0
complete,2024-12-06 03:45:32,230,28,
rating,2024-12-06 03:45:32,230,28,3.0
enroll,2024-12-06 03:45:32,231,18,
rating,2024-12-06 03:45:32,231,18,3.0
complete,2024-12-06 03:45:32,231,11,
rating,2024-12-06 03:45:32,231,11,5.0
complete,2024-12-06 03:45:32,231,30,
rating,2024-12-06 03:45:32,231,30,4.0
complete,2024-12-06 03:45:32,231,23,
rating,2024-12-06 03:45:32,231,23,5.0
enroll,2024-12-06 03:45:32,231,5,
rating,2024-12-06 03:45:32,231,5,4.0
complete,2024-12-06 03:45:32,232,20,
rating,2024-12-06 03:45:32,232,20,4.0
complete,2024-12-06 03:45:32,232,28,
rating,2024-12-06 03:45:32,232,28,1.0
enroll,2024-12-06 03:45:32,233,10,
rating,2024-12-06 03:45:32,233,10,3.0
complete,2024-12-06 03:45:32,233,11,
rating,2024-12-06 03:45:32,233,11,4.0
enroll,2024-12-06 03:45:32,233,5,
rating,2024-12-06 03:45:32,233,5,1.0
view,2024-12-06 03:45:32,233,21,
rating,2024-12-06 03:45:32,233,21,4.0
view,2024-12-06 03:45:32,234,13,
rating,2024-12-06 03:45:32,234,13,3.0
enroll,2024-12-06 03:45:32,234,21,
rating,2024-12-06 03:45:32,234,21,3.0
enroll,2024-12-06 03:45:32,234,23,
rating,2024-12-06 03:45:32,234,23,3.0
complete,2024-12-06 03:45:32,235,16,
rating,2024-12-06 03:45:32,235,16,4.0
view,2024-12-06 03:45:32,235,14,
rating,2024-12-06 03:45:32,235,14,3.0
complete,2024-12-06 03:45:32,235,27,
rating,2024-12-06 03:45:32,235,27,3.0
complete,2024-12-06 03:45:32,235,29,
rating,2024-12-06 03:45:32,235,29,5.0
enroll,2024-12-06 03:45:32,235,5,
rating,2024-12-06 03:45:32,235,5,3.0
complete,2024-12-06 03:45:32,236,12,
rating,2024-12-06 03:45:32,236,12,4.0
enroll,2024-12-06 03:45:32,236,30,
rating,2024-12-06 03:45:32,236,30,3.0
enroll,2024-12-06 03:45:32,236,14,
rating,2024-12-06 03:45:32,236,14,1.0
complete,2024-12-06 03:45:32,236,29,
rating,2024-12-06 03:45:32,236,29,5.0
view,2024-12-06 03:45:32,236,24,
rating,2024-12-06 03:45:32,236,24,2.0
complete,2024-12-06 03:45:32,237,15,
rating,2024-12-06 03:45:32,237,15,3.0
view,2024-12-06 03:45:32,237,1,
rating,2024-12-06 03:45:32,237,1,3.0
complete,2024-12-06 03:45:32,237,12,
rating,2024-12-06 03:45:32,237,12,1.0
enroll,2024-12-06 03:45:32,238,20,
rating,2024-12-06 03:45:32,238,20,2.0
view,2024-12-06 03:45:32,238,7,
rating,2024-12-06 03:45:32,238,7,4.0
complete,2024-12-06 03:45:32,238,24,
rating,2024-12-06 03:45:32,238,24,3.0
view,2024-12-06 03:45:32,238,8,
rating,2024-12-06 03:45:32,238,8,3.0
complete,2024-12-06 03:45:32,239,21,
rating,2024-12-06 03:45:32,239,21,5.0
complete,2024-12-06 03:45:32,239,16,
rating,2024-12-06 03:45:32,239,16,5.0
enroll,2024-12-06 03:45:32,239,30,
rating,2024-12-06 03:45:32,239,30,4.0
enroll,2024-12-06 03:45:32,240,9,
rating,2024-12-06 03:45:32,240,9,4.0
complete,2024-12-06 03:45:32,240,25,
rating,2024-12-06 03:45:32,240,25,1.0
enroll,2024-12-06 03:45:32,241,5,
rating,2024-12-06 03:45:32,241,5,2.0
complete,2024-12-06 03:45:32,241,13,
rating,2024-12-06 03:45:32,241,13,1.0
view,2024-12-06 03:45:32,241,12,
rating,2024-12-06 03:45:32,241,12,2.0
enroll,2024-12-06 03:45:32,241,7,
rating,2024-12-06 03:45:32,241,7,3.0
enroll,2024-12-06 03:45:32,242,10,
rating,2024-12-06 03:45:32,242,10,2.0
enroll,2024-12-06 03:45:32,242,24,
rating,2024-12-06 03:45:32,242,24,3.0
view,2024-12-06 03:45:32,243,25,
rating,2024-12-06 03:45:32,243,25,4.0
enroll,2024-12-06 03:45:32,243,20,
rating,2024-12-06 03:45:32,243,20,5.0
view,2024-12-06 03:45:32,243,23,
rating,2024-12-06 03:45:32,243,23,1.0
complete,2024-12-06 03:45:32,244,2,
rating,2024-12-06 03:45:32,244,2,4.0
view,2024-12-06 03:45:32,244,29,
rating,2024-12-06 03:45:32,244,29,3.0
enroll,2024-12-06 03:45:32,244,16,
rating,2024-12-06 03:45:32,244,16,5.0
complete,2024-12-06 03:45:32,244,30,
rating,2024-12-06 03:45:32,244,30,4.0
complete,2024-12-06 03:45:32,245,14,
rating,2024-12-06 03:45:32,245,14,4.0
complete,2024-12-06 03:45:32,245,2,
rating,2024-12-06 03:45:32,245,2,1.0
complete,2024-12-06 03:45:32,245,30,
rating,2024-12-06 03:45:32,245,30,5.0
view,2024-12-06 03:45:32,246,6,
rating,2024-12-06 03:45:32,246,6,4.0
complete,2024-12-06 03:45:32,246,28,
rating,2024-12-06 03:45:32,246,28,3.0
view,2024-12-06 03:45:32,246,25,
rating,2024-12-06 03:45:32,246,25,1.0
view,2024-12-06 03:45:32,247,20,
rating,2024-12-06 03:45:32,247,20,2.0
view,2024-12-06 03:45:32,247,11,
rating,2024-12-06 03:45:32,247,11,2.0
enroll,2024-12-06 03:45:32,247,16,
rating,2024-12-06 03:45:32,247,16,2.0
enroll,2024-12-06 03:45:32,247,9,
rating,2024-12-06 03:45:32,247,9,5.0
enroll,2024-12-06 03:45:32,248,9,
rating,2024-12-06 03:45:32,248,9,5.0
complete,2024-12-06 03:45:32,248,6,
rating,2024-12-06 03:45:32,248,6,1.0
complete,2024-12-06 03:45:32,248,28,
rating,2024-12-06 03:45:32,248,28,3.0
complete,2024-12-06 03:45:32,248,21,
rating,2024-12-06 03:45:32,248,21,5.0
enroll,2024-12-06 03:45:32,248,29,
rating,2024-12-06 03:45:32,248,29,3.0
enroll,2024-12-06 03:45:32,249,5,
rating,2024-12-06 03:45:32,249,5,2.0
enroll,2024-12-06 03:45:32,249,27,
rating,2024-12-06 03:45:32,249,27,4.0
complete,2024-12-06 03:45:32,249,21,
rating,2024-12-06 03:45:32,249,21,2.0
complete,2024-12-06 03:45:32,249,1,
rating,2024-12-06 03:45:32,249,1,4.0
complete,2024-12-06 03:45:32,249,9,
rating,2024-12-06 03:45:32,249,9,3.0
enroll,2024-12-06 03:45:32,250,6,
rating,2024-12-06 03:45:32,250,6,5.0
complete,2024-12-06 03:45:32,250,21,
rating,2024-12-06 03:45:32,250,21,1.0
complete,2024-12-06 03:45:32,250,10,
rating,2024-12-06 03:45:32,250,10,4.0
